{"cameraMode":{"drawMode":0,"name":"Shaded","section":"Shading Mode"},"sceneLighting":true,"audioPlay":false,"sceneViewState":{"showFog":true,"showMaterialUpdate":false,"showSkybox":true,"showFlares":true,"showImageEffects":true,"showParticleSystems":true},"in2DMode":false,"pivot":{"x":0.7178044319152832,"y":1.4601967334747315,"z":-7.642857074737549},"rotation":{"x":0.22385895252227784,"y":0.32984569668769839,"z":-0.08082697540521622,"w":0.9135419726371765},"size":7.908426761627197,"orthographic":false}